Puesto,Empresa,Ubicación,Fecha de Extracción
Senior Python Developer,"Payne, Roberts and Davis","Stewartbury, AA",20/05/2026 11:31
Energy engineer,Vasquez-Davidson,"Christopherville, AA",20/05/2026 11:31
Legal executive,"Jackson, Chambers and Levy","Port Ericaburgh, AA",20/05/2026 11:31
Fitness centre manager,Savage-Bradley,"East Seanview, AP",20/05/2026 11:31
Product manager,Ramirez Inc,"North Jamieview, AP",20/05/2026 11:31
Medical technical officer,Rogers-Yates,"Davidville, AP",20/05/2026 11:31
Physiological scientist,Kramer-Klein,"South Christopher, AE",20/05/2026 11:31
Textile designer,Meyers-Johnson,"Port Jonathan, AE",20/05/2026 11:31
Television floor manager,Hughes-Williams,"Osbornetown, AE",20/05/2026 11:31
Waste management officer,"Jones, Williams and Villa","Scotttown, AP",20/05/2026 11:31
Software Engineer (Python),Garcia PLC,"Ericberg, AE",20/05/2026 11:31
Interpreter,Gregory and Sons,"Ramireztown, AE",20/05/2026 11:31
Architect,"Clark, Garcia and Sosa","Figueroaview, AA",20/05/2026 11:31
Meteorologist,Bush PLC,"Kelseystad, AA",20/05/2026 11:31
Audiological scientist,Salazar-Meyers,"Williamsburgh, AE",20/05/2026 11:31
